title,author,date,link,sentiment_score,emotion_anger,emotion_disgust,emotion_fear,emotion_joy,emotion_sadness
Drift,Brenda Shaughnessy,"Apr 7, 2016",http://poetry.lib.uidaho.edu/index.php/poems/drift/,-0.4651,0.0989,0.0888,0.1575,0.2299,0.5278
Histories 7,Chris Abani,"Apr 21, 2016",http://poetry.lib.uidaho.edu/index.php/poems/histories-7/,-0.0215,0.1797,0.0972,0.1419,0.1732,0.5339
Family Trip,Brenda Shaughnessy,"Apr 10, 2016",http://poetry.lib.uidaho.edu/index.php/poems/family-trip/,-0.1799,0.1309,0.0454,0.4151,0.0121,0.5189
In the Graveyard,Erin Belieu,"Apr 29, 2016",http://poetry.lib.uidaho.edu/index.php/poems/in-the-graveyard/,-0.1512,0.2702,0.2095,0.1429,0.2326,0.2351
Divination 4,Chris Abani,"Jan 22, 2016",http://poetry.lib.uidaho.edu/index.php/poems/divination-4/,-0.2328,0.1369,0.2082,0.7627,0.0006,0.064
Elephants 1,Chris Abani,"Mar 9, 2016",http://poetry.lib.uidaho.edu/index.php/poems/elephants-1/,-0.1583,0.4172,0.161,0.5779,0.5538,0.4542
Elephants 4,Chris Abani,"Dec 24, 2015",http://poetry.lib.uidaho.edu/index.php/poems/elephants-4/,-0.313,0.1848,0.182,0.4643,0.0706,0.4574
Elephants 5,Chris Abani,"Apr 14, 2016",http://poetry.lib.uidaho.edu/index.php/poems/elephants-5/,-0.1188,0.1334,0.1253,0.4116,0.2223,0.4746
Histories 4,Chris Abani,"Apr 26, 2016",http://poetry.lib.uidaho.edu/index.php/poems/histories-4/,-0.312,0.148,0.1367,0.5413,0.4778,0.4852
Histories 8,Chris Abani,"Mar 20, 2016",http://poetry.lib.uidaho.edu/index.php/poems/histories-8/,-0.3019,0.1104,0.1138,0.6425,0.2984,0.569
Pilgrimage 8,Chris Abani,"Jan 8, 2016",http://poetry.lib.uidaho.edu/index.php/poems/pilgrimage-8/,-0.463,0.0598,0.7896,0.107,0.001,0.1155
Revenant 3,Chris Abani,"Feb 5, 2016",http://poetry.lib.uidaho.edu/index.php/poems/revenant-3/,-0.6244,0.1147,0.168,0.0768,0.1731,0.5193
Sacrament 1,Chris Abani,"Mar 7, 2016",http://poetry.lib.uidaho.edu/index.php/poems/sacrament-1/,-0.117,0.0827,0.1195,0.6188,0.2785,0.548
"Sorry, T.",Brenda Shaughnessy,"Jan 26, 2016",http://poetry.lib.uidaho.edu/index.php/poems/sorry-t/,-0.2371,0.18,0.1095,0.486,0.1853,0.5492
"You Too, Not Just Me",Brenda Shaughnessy,"Feb 11, 2016",http://poetry.lib.uidaho.edu/index.php/poems/you-too-not-just-me/,-0.0487,0.1079,0.0988,0.5738,0.3148,0.5054
Parallel,Brenda Shaughnessy,"Feb 26, 2016",http://poetry.lib.uidaho.edu/index.php/poems/parallel/,-0.378,0.0298,0.0284,0.3031,0.0034,0.7338
Inappropriate Dreams,Brenda Shaughnessy,"Dec 3, 2015",http://poetry.lib.uidaho.edu/index.php/poems/inappropriate-dreams/,-0.2118,0.1332,0.1756,0.1556,0.2511,0.5883
Headlong,Brenda Shaughnessy,"Feb 6, 2016",http://poetry.lib.uidaho.edu/index.php/poems/headlong/,0.0767,0.1143,0.1009,0.4747,0.138,0.236
Card 6 The Lovers,Brenda Shaughnessy,"Mar 4, 2016",http://poetry.lib.uidaho.edu/index.php/poems/card-6-the-lovers/,-0.0285,0.1229,0.3477,0.0525,0.0733,0.4568
Artless,Brenda Shaughnessy,"Apr 13, 2016",http://poetry.lib.uidaho.edu/index.php/poems/artless/,-0.0377,0.0913,0.1216,0.4569,0.3216,0.3401
All Possible Pain,Brenda Shaughnessy,"Feb 24, 2016",http://poetry.lib.uidaho.edu/index.php/poems/all-possible-pain/,-0.2512,0.4927,0.1087,0.1657,0.1253,0.5796
A Series of Actions,C.D. Wright,"Jan 18, 2016",http://poetry.lib.uidaho.edu/index.php/poems/a-series-of-actions/,-0.0052,0.1279,0.5265,0.1301,0.1882,0.1226
Clockmaker with Bad Eyes,C.D. Wright,"Mar 13, 2016",http://poetry.lib.uidaho.edu/index.php/poems/clockmaker-with-bad-eyes/,-0.1165,0.0679,0.4609,0.1452,0.6317,0.2168
"Re Happiness, in pursuit thereof",C.D. Wright,"Feb 16, 2016",http://poetry.lib.uidaho.edu/index.php/poems/re-happiness-in-pursuit-thereof/,-0.14,0.154,0.1366,0.5263,0.2486,0.2225
Deepstep Come Shining (excerpt),C.D. Wright,"Mar 26, 2016",http://poetry.lib.uidaho.edu/index.php/poems/deepstep-come-shining-excerpt-2/,-0.0099,0.0843,0.1288,0.4716,0.5252,0.247
Gift of the Book,C.D. Wright,"Feb 4, 2016",http://poetry.lib.uidaho.edu/index.php/poems/gift-of-the-book/,-0.1358,0.1081,0.0347,0.3112,0.3077,0.3195
Girl Friend,C.D. Wright,"Jan 31, 2016",http://poetry.lib.uidaho.edu/index.php/poems/girl-friend/,-0.1228,0.1045,0.5574,0.5299,0.5574,0.2297
Hotels,C.D. Wright,"May 4, 2016",http://poetry.lib.uidaho.edu/index.php/poems/hotels/,0.1236,0.0656,0.3931,0.318,0.1213,0.1291
This Couple,C.D. Wright,"Feb 17, 2016",http://poetry.lib.uidaho.edu/index.php/poems/this-couple/,-0.2218,0.0975,0.4422,0.4815,0.5121,0.4361
Like Something in His Handwriting,C.D. Wright,"Apr 24, 2016",http://poetry.lib.uidaho.edu/index.php/poems/like-something-in-his-handwriting/,-0.3561,0.1138,0.1201,0.1223,0.2348,0.5733
Another Strange Rose for the Afterlife,Dean Young,"Apr 8, 2016",http://poetry.lib.uidaho.edu/index.php/poems/another-strange-rose-for-the-afterlife/,-0.3337,0.0277,0.1119,0.2143,0.0107,0.7358
Commencement Address,Dean Young,"May 6, 2016",http://poetry.lib.uidaho.edu/index.php/poems/commencement-address/,-0.1932,0.1928,0.1772,0.1197,0.2161,0.5233
Delphiniums in a Window Box,Dean Young,"Apr 17, 2016",http://poetry.lib.uidaho.edu/index.php/poems/delphiniums-in-a-window-box/,-0.2665,0.134,0.4415,0.1279,0.254,0.5147
Elemental,Dean Young,"Dec 7, 2015",http://poetry.lib.uidaho.edu/index.php/poems/elemental/,-0.1961,0.1375,0.0755,0.1384,0.4723,0.5922
Irrevocable Ode,Dean Young,"Apr 18, 2016",http://poetry.lib.uidaho.edu/index.php/poems/irrevocable-ode/,-0.2678,0.1453,0.1454,0.1534,0.1906,0.5596
Late Valentine,Dean Young,"Jan 4, 2016",http://poetry.lib.uidaho.edu/index.php/poems/late-valentine/,-0.1822,0.282,0.2798,0.0775,0.0146,0.4922
Opal,Dean Young,"Jan 17, 2016",http://poetry.lib.uidaho.edu/index.php/poems/opal/,-0.125,0.0954,0.1211,0.4075,0.214,0.5584
Scarecrow on Fire,Dean Young,"Apr 9, 2016",http://poetry.lib.uidaho.edu/index.php/poems/scarecrow-on-fire/,-0.2604,0.0561,0.505,0.5106,0.0008,0.0617
The Usual Decision-Making Process,Dean Young,"Dec 22, 2015",http://poetry.lib.uidaho.edu/index.php/poems/the-usual-decision-making-process/,-0.1845,0.1841,0.0669,0.1935,0.1178,0.5903
Three Weeks from Two Days Ago,Dean Young,"Feb 20, 2016",http://poetry.lib.uidaho.edu/index.php/poems/three-weeks-from-two-days-ago/,-0.207,0.1929,0.1039,0.4121,0.4988,0.5152
At Klipsan Beach,James Arthur,"Jan 15, 2016",http://poetry.lib.uidaho.edu/index.php/poems/at-klipsan-beach/,-0.0687,0.1066,0.5474,0.1233,0.4647,0.4947
"Bucephalus, Charging",James Arthur,"Jan 14, 2016",http://poetry.lib.uidaho.edu/index.php/poems/bucephalus-charging/,-0.4509,0.1206,0.4123,0.1672,0.2817,0.4891
Drinking Song,James Arthur,"Dec 17, 2015",http://poetry.lib.uidaho.edu/index.php/poems/drinking-song/,-0.2481,0.1502,0.3334,0.4087,0.0815,0.1191
In Defense of the Semicolon,James Arthur,"Feb 25, 2016",http://poetry.lib.uidaho.edu/index.php/poems/in-defense-of-the-semicolon/,-0.2942,0.1337,0.1656,0.5809,0.2542,0.5147
Independence,James Arthur,"Mar 17, 2016",http://poetry.lib.uidaho.edu/index.php/poems/independence/,-0.1249,0.0927,0.0885,0.1393,0.542,0.4694
Omnivore,James Arthur,"Dec 5, 2015",http://poetry.lib.uidaho.edu/index.php/poems/omnivore/,-0.3124,0.1627,0.2317,0.1505,0.1663,0.502
Rapid Transit,James Arthur,"Dec 15, 2015",http://poetry.lib.uidaho.edu/index.php/poems/rapid-transit/,-0.1868,0.1323,0.4935,0.2011,0.0446,0.1956
Vertigo,James Arthur,"Mar 12, 2016",http://poetry.lib.uidaho.edu/index.php/poems/vertigo/,-0.2514,0.1913,0.128,0.1818,0.1797,0.4028
The Land of Nod,James Arthur,"Feb 23, 2016",http://poetry.lib.uidaho.edu/index.php/poems/the-land-of-nod/,-0.4294,0.1142,0.1146,0.1451,0.017,0.6988
Summer Song,James Arthur,"Dec 14, 2015",http://poetry.lib.uidaho.edu/index.php/poems/summer-song/,0.0181,0.0889,0.1234,0.1751,0.3285,0.6113
In the Red Dress I Wear to Your Funeral (Section 7),Erin Belieu,"Apr 15, 2016",http://poetry.lib.uidaho.edu/index.php/poems/in-the-red-dress-i-wear-to-your-funeral-section-7/,0.0095,0.1332,0.4976,0.1196,0.1305,0.5148
The Last of the Gentlemen Heartbreakers,Erin Belieu,"Apr 6, 2016",http://poetry.lib.uidaho.edu/index.php/poems/the-last-of-the-gentlemen-heartbreakers/,-0.0062,0.1268,0.1904,0.1233,0.5388,0.4842
Another Poem for Mothers,Erin Belieu,"Mar 8, 2016",http://poetry.lib.uidaho.edu/index.php/poems/another-poem-for-mothers/,-0.042,0.1064,0.1208,0.1187,0.4654,0.5622
Bee Sting,Erin Belieu,"Jan 7, 2016",http://poetry.lib.uidaho.edu/index.php/poems/bee-sting/,-0.352,0.4114,0.1342,0.5647,0,0.0453
Rose Red,Erin Belieu,"Apr 4, 2016",http://poetry.lib.uidaho.edu/index.php/poems/rose-red/,-0.237,0.1249,0.8049,0.0272,0.0098,0.0863
The Small Sound of Quiet Animals,Erin Belieu,"Mar 23, 2016",http://poetry.lib.uidaho.edu/index.php/poems/the-small-sound-of-quiet-animals/,-0.291,0.1242,0.4353,0.4511,0.2252,0.5487
The Spring Burials,Erin Belieu,"Feb 27, 2016",http://poetry.lib.uidaho.edu/index.php/poems/the-spring-burials/,-0.3874,0.1622,0.1636,0.4198,0.2486,0.61
My Field Guide,Erin Belieu,"Dec 2, 2015",http://poetry.lib.uidaho.edu/index.php/poems/my-field-guide/,-0.2113,0.1781,0.4514,0.1723,0.1587,0.517
On Being Fired Again,Erin Belieu,"Jan 9, 2016",http://poetry.lib.uidaho.edu/index.php/poems/on-being-fired-again/,-0.3696,0.1865,0.4271,0.1023,0.0096,0.3696
Monopoly,Kerry James Evans,"Jan 2, 2016",http://poetry.lib.uidaho.edu/index.php/poems/monopoly/,-0.1679,0.3975,0.1459,0.1409,0.1822,0.5564
Packed in Ice,Kerry James Evans,"Feb 9, 2016",http://poetry.lib.uidaho.edu/index.php/poems/packed-in-ice/,-0.5849,0.1104,0.0421,0.2605,0.3649,0.2937
Plundering,Kerry James Evans,"Apr 30, 2016",http://poetry.lib.uidaho.edu/index.php/poems/plundering/,-0.1434,0.1281,0.539,0.1672,0.2645,0.4726
Volcano,Kerry James Evans,"Feb 18, 2016",http://poetry.lib.uidaho.edu/index.php/poems/volcano/,-0.3447,0.1272,0.1931,0.4546,0.1124,0.4663
Blue Ribbon Tomato Soup,Kerry James Evans,"Apr 11, 2016",http://poetry.lib.uidaho.edu/index.php/poems/blue-ribbon-tomato-soup/,0.1197,0.1514,0.4564,0.1061,0.2702,0.54
What Makes the Green Grass Grow,Kerry James Evans,"Jan 12, 2016",http://poetry.lib.uidaho.edu/index.php/poems/what-makes-the-green-grass-grow/,-0.109,0.1476,0.6094,0.0222,0.0726,0.2367
Death,Kwame Dawes,"Dec 31, 2015",http://poetry.lib.uidaho.edu/index.php/poems/death/,-0.1783,0.091,0.49,0.5384,0.0952,0.5053
Manna,Laura Kasischke,"Apr 3, 2016",http://poetry.lib.uidaho.edu/index.php/poems/manna/,-0.1131,0.0724,0.444,0.1215,0.5841,0.5421
At the public pool,Laura Kasischke,"Dec 1, 2015",http://poetry.lib.uidaho.edu/index.php/poems/at-the-public-pool/,-0.355,0.0932,0.3976,0.1282,0.2574,0.5768
Cigarettes,Laura Kasischke,"Mar 16, 2016",http://poetry.lib.uidaho.edu/index.php/poems/cigarettes/,-0.0217,0.0613,0.5071,0.1206,0.3266,0.257
Mushrooms,Laura Kasischke,"Apr 22, 2016",http://poetry.lib.uidaho.edu/index.php/laura-kasischke/mushrooms/,0.0053,0.0894,0.3669,0.0732,0.1626,0.3579
Childhood Friend,Laura Kasischke,"Dec 20, 2015",http://poetry.lib.uidaho.edu/index.php/poems/childhood-friend/,-0.1378,0.1241,0.1777,0.1297,0.5751,0.4579
January,Laura Kasischke,"Mar 3, 2016",http://poetry.lib.uidaho.edu/index.php/poems/january/,-0.0899,0.0377,0.069,0.2554,0.4689,0.2222
Macaroni & Cheese,Laura Kasischke,"Feb 13, 2016",http://poetry.lib.uidaho.edu/index.php/poems/macaroni-cheese/,-0.0859,0.4038,0.1301,0.185,0.5349,0.5079
Valentine,Laura Kasischke,"Apr 28, 2016",http://poetry.lib.uidaho.edu/index.php/poems/valentine/,0.0191,0.1813,0.1276,0.0102,0.1764,0.5001
The Thigh,Laura Kasischke,"Feb 29, 2016",http://poetry.lib.uidaho.edu/index.php/poems/the-thigh/,-0.1415,0.1039,0.4153,0.5353,0.2958,0.5596
Elegy,Laura Kasischke,"Apr 5, 2016",http://poetry.lib.uidaho.edu/index.php/laura-kasischke/elegy-2/,-0.1104,0.1495,0.4671,0.4005,0.0498,0.0302
Control Group,Lisa Olstein,"Jan 6, 2016",http://poetry.lib.uidaho.edu/index.php/poems/control-group/,-0.3337,0.1187,0.1159,0.5952,0.1949,0.6165
Elegy,Lisa Olstein,"Jan 28, 2016",http://poetry.lib.uidaho.edu/index.php/poems/elegy/,-0.1301,0.1181,0.1506,0.1421,0.2067,0.5175
Notes from the Wilderness,Lisa Olstein,"Mar 22, 2016",http://poetry.lib.uidaho.edu/index.php/lisa-olstein/notes-from-the-wilderness/,0.0029,0.0914,0.0859,0.189,0.5229,0.459
Smaller Devices,Lisa Olstein,"Mar 28, 2016",http://poetry.lib.uidaho.edu/index.php/poems/smaller-devices/,-0.3155,0.1482,0.1041,0.1496,0.4282,0.4758
This is a Test of the Internal Emergency Broadcast System,Lisa Olstein,"Dec 9, 2015",http://poetry.lib.uidaho.edu/index.php/lisa-olstein/this-is-a-test-of-the-internal-emergency-broadcast-system/,-0.0641,0.5396,0.1553,0.2048,0.1881,0.4299
The Brain Is an Operations Center,Lisa Olstein,"Dec 13, 2015",http://poetry.lib.uidaho.edu/index.php/lisa-olstein/the-brain-is-an-operations-center/,-0.4603,0.1002,0.1028,0.5616,0.125,0.4114
The Famed Clipper Is in Flames,Lisa Olstein,"May 1, 2016",http://poetry.lib.uidaho.edu/index.php/lisa-olstein/the-famed-clipper-is-in-flames/,-0.135,0.1348,0.1266,0.2119,0.5407,0.247
Themselves Performing Small Brave Acts,Lisa Olstein,"Apr 23, 2016",http://poetry.lib.uidaho.edu/index.php/poems/themselves-performing-small-brave-acts/,-0.2198,0.173,0.4884,0.3907,0.251,0.473
To Where,Lisa Olstein,"Mar 19, 2016",http://poetry.lib.uidaho.edu/index.php/poems/to-where/,-0.0718,0.1605,0.1232,0.4048,0.2672,0.4936
Photograph,Valzhyna Mort,"Jan 13, 2016",http://poetry.lib.uidaho.edu/index.php/valzhyna-mort/photograph/,0.067,0.0946,0.416,0.1809,0.4755,0.4405
Sylt II,Valzhyna Mort,"Mar 27, 2016",http://poetry.lib.uidaho.edu/index.php/valzhyna-mort/sylt-ii/,-0.235,0.0925,0.184,0.5882,0.4713,0.258
A Poem about White Apples,Valzhyna Mort,"Feb 8, 2016",http://poetry.lib.uidaho.edu/index.php/valzhyna-mort/a-poem-about-white-apples/,-0.1666,0.198,0.6305,0.0263,0.0698,0.1023
Factory of Tears,Valzhyna Mort,"Jan 3, 2016",http://poetry.lib.uidaho.edu/index.php/valzhyna-mort/factory-of-tears/,-0.0801,0.1038,0.1194,0.0929,0.3795,0.4775
Grandmother,Valzhyna Mort,"Dec 29, 2015",http://poetry.lib.uidaho.edu/index.php/valzhyna-mort/grandmother/,-0.1373,0.0849,0.2882,0.0392,0.0389,0.5465
Hospital,Valzhyna Mort,"Jan 19, 2016",http://poetry.lib.uidaho.edu/index.php/valzhyna-mort/hospital/,-0.0275,0.2518,0.1743,0.0589,0.0798,0.5127
Music of Locusts,Valzhyna Mort,"Mar 10, 2016",http://poetry.lib.uidaho.edu/index.php/valzhyna-mort/music-of-locusts/,-0.0283,0.1727,0.051,0.1918,0.4409,0.1571
On a Steamer,Valzhyna Mort,"Mar 24, 2016",http://poetry.lib.uidaho.edu/index.php/valzhyna-mort/on-a-steamer/,-0.2612,0.0421,0.2351,0.1832,0.1639,0.4124
Untitled 1,Valzhyna Mort,"Dec 11, 2015",http://poetry.lib.uidaho.edu/index.php/valzhyna-mort/untitled-1-2/,-0.3671,0.0518,0.0408,0.4902,0.0004,0.5472
Untitled 2,Valzhyna Mort,"Feb 14, 2016",http://poetry.lib.uidaho.edu/index.php/valzhyna-mort/untitled-2/,-0.0875,0.06,0.0906,0.0669,0.0243,0.7948
"It Buds, It Bends, It Dies in the Glare",Mark Bibbins,"Mar 29, 2016",http://poetry.lib.uidaho.edu/index.php/mark-bibbins/it-buds-it-bends-it-dies-in-the-glare/,-0.2265,0.0376,0.119,0.3922,0.0255,0.4901
We are not kissing and the river,Mark Bibbins,"Jan 10, 2016",http://poetry.lib.uidaho.edu/index.php/poems/we-are-not-kissing-and-the-river/,-0.2134,0.2033,0.0886,0.2118,0.0082,0.649
There Is No You Are Everywhere,Mark Bibbins,"Jan 30, 2016",http://poetry.lib.uidaho.edu/index.php/poems/there-is-no-you-are-everywhere/,-0.1787,0.1693,0.0748,0.1859,0.3277,0.5301
Conifers,Mark Bibbins,"Feb 22, 2016",http://poetry.lib.uidaho.edu/index.php/poems/conifers/,-0.1789,0.133,0.1411,0.5879,0.0268,0.1908
Almost as Good as What We Destroyed,Mark Bibbins,"Dec 16, 2015",http://poetry.lib.uidaho.edu/index.php/poems/almost-as-good-as-what-we-destroyed/,-0.0466,0.5195,0.1043,0.4637,0.1286,0.3112
Poem That Wants to Know When You're Taking out the Trash,Mark Bibbins,"Dec 6, 2015",http://poetry.lib.uidaho.edu/index.php/poems/poem-that-wants-to-know-when-youre-taking-out-the-trash/,-0.2144,0.1728,0.1443,0.4296,0.2594,0.3084
Look Who Came Dressed as the Sun,Mark Bibbins,"Apr 12, 2016",http://poetry.lib.uidaho.edu/index.php/poems/look-who-came-dressed-as-the-sun/,-0.2363,0.4431,0.1961,0.1713,0.0923,0.7017
Factory,Mark Bibbins,"Jan 27, 2016",http://poetry.lib.uidaho.edu/index.php/poems/factory/,-0.4909,0.2647,0.2626,0.2769,0.0026,0.3199
Clouds Mistaken for Nearby Clouds,Mark Bibbins,"Dec 18, 2015",http://poetry.lib.uidaho.edu/index.php/poems/clouds-mistaken-for-nearby-clouds/,0.1734,0.0313,0.0049,0.2211,0.0186,0.803
Untitled 1,Sherwin Bitsui,"Mar 14, 2016",http://poetry.lib.uidaho.edu/index.php/sherwin-bitsui/untitled-1/,-0.3776,0.357,0.423,0.2298,0.0028,0.1498
Untitled 2,Sherwin Bitsui,"Dec 12, 2015",http://poetry.lib.uidaho.edu/index.php/sherwin-bitsui/untitled-2-2/,-0.5394,0.0809,0.1127,0.2813,0.0045,0.634
Untitled 3,Sherwin Bitsui,"Dec 10, 2015",http://poetry.lib.uidaho.edu/index.php/sherwin-bitsui/untitled-3/,-0.2454,0.1281,0.6349,0.1385,0.0006,0.3093
Untitled 4,Sherwin Bitsui,"Feb 21, 2016",http://poetry.lib.uidaho.edu/index.php/sherwin-bitsui/untitled-4/,-0.209,0.1877,0.5159,0.2095,0.0408,0.1137
Untitled 5,Sherwin Bitsui,"Mar 5, 2016",http://poetry.lib.uidaho.edu/index.php/sherwin-bitsui/untitled-5/,-0.4819,0.3505,0.3732,0.3846,0.0024,0.0586
Untitled 6,Sherwin Bitsui,"Mar 15, 2016",http://poetry.lib.uidaho.edu/index.php/sherwin-bitsui/untitled-6/,-0.5054,0.1669,0.1119,0.328,0.0494,0.4305
Untitled 7,Sherwin Bitsui,"Feb 2, 2016",http://poetry.lib.uidaho.edu/index.php/sherwin-bitsui/untitled-7/,-0.2314,0.2993,0.19,0.1706,0.0215,0.4341
Untitled 8,Sherwin Bitsui,"Jan 21, 2016",http://poetry.lib.uidaho.edu/index.php/sherwin-bitsui/untitled-8/,-0.5584,0.0764,0.2664,0.2722,0.0292,0.4758
Untitled 9,Sherwin Bitsui,"Mar 25, 2016",http://poetry.lib.uidaho.edu/index.php/sherwin-bitsui/untitled-9/,-0.5655,0.1282,0.3935,0.3772,0.0023,0.2603
Untitled 10,Sherwin Bitsui,"Feb 10, 2016",http://poetry.lib.uidaho.edu/index.php/sherwin-bitsui/untitled-10/,-0.1954,0.0095,0.4726,0.5034,0.0236,0.0909
Beached,Sarah Lindsay,"Dec 26, 2015",http://poetry.lib.uidaho.edu/index.php/sarah-lindsay/beached/,-0.0573,0.0591,0.2435,0.2388,0.0313,0.5152
How I Was Born,Sarah Lindsay,"Jan 1, 2016",http://poetry.lib.uidaho.edu/index.php/sarah-lindsay/how-i-was-born/,-0.4563,0.2418,0.1734,0.4243,0.1819,0.4729
If God Made Jam,Sarah Lindsay,"Mar 21, 2016",http://poetry.lib.uidaho.edu/index.php/sarah-lindsay/if-god-made-jam/,-0.1034,0.1956,0.7408,0.0132,0.0716,0.0301
Magnitude Aunt Lydia Does Stretching Exercises,Sarah Lindsay,"Jan 25, 2016",http://poetry.lib.uidaho.edu/index.php/sarah-lindsay/magnitude-aunt-lydia-does-stretching-exercises/,-0.1356,0.0972,0.4635,0.1693,0.2114,0.5741
Origin,Sarah Lindsay,"Feb 28, 2016",http://poetry.lib.uidaho.edu/index.php/sarah-lindsay/origin/,0.0815,0.0977,0.042,0.1467,0.0574,0.6975
Radium,Sarah Lindsay,"Dec 19, 2015",http://poetry.lib.uidaho.edu/index.php/sarah-lindsay/radium/,-0.1015,0.1387,0.4708,0.1186,0.2541,0.2722
The Common Octopus,Sarah Lindsay,"May 2, 2016",http://poetry.lib.uidaho.edu/index.php/sarah-lindsay/the-common-octopus/,-0.2711,0.1103,0.4579,0.1782,0.1614,0.5213
The Mummy Walks,Sarah Lindsay,"Jan 16, 2016",http://poetry.lib.uidaho.edu/index.php/sarah-lindsay/the-mummy-walks/,-0.3592,0.2105,0.2098,0.1415,0.1973,0.3295
Whale Feathers,Sarah Lindsay,"Apr 1, 2016",http://poetry.lib.uidaho.edu/index.php/sarah-lindsay/whale-feathers/,-0.1954,0.0725,0.4348,0.1261,0.245,0.5491
Without Warning,Sarah Lindsay,"Dec 30, 2015",http://poetry.lib.uidaho.edu/index.php/sarah-lindsay/without-warning/,-0.1741,0.076,0.4342,0.5437,0.194,0.5865
"Wave Before Leaving, Wave",Roger Reeves,"Jan 24, 2016",http://poetry.lib.uidaho.edu/index.php/roger-reeves/wave-before-leaving-wave/,-0.5198,0.6195,0.2035,0.2226,0.1263,0.5647
The Parable of a Blade of Grass,Roger Reeves,"Jan 11, 2016",http://poetry.lib.uidaho.edu/index.php/roger-reeves/the-parable-of-a-blade-of-grass/,-0.0283,0.0209,0.3115,0.5625,0.1283,0.0747
Shadowboxing Herons,Roger Reeves,"Mar 31, 2016",http://poetry.lib.uidaho.edu/index.php/roger-reeves/shadowboxing-herons/,-0.1102,0.1067,0.2051,0.1662,0.3206,0.4786
"Samba in São Cristóvão, or Temporary Flight",Roger Reeves,"Feb 19, 2016",http://poetry.lib.uidaho.edu/index.php/roger-reeves/samba-in-so-cristvo-or-temporary-flight/,-0.3236,0.1659,0.1695,0.139,0.2277,0.519
Romanticism (the Blue Keats),Roger Reeves,"Dec 4, 2015",http://poetry.lib.uidaho.edu/index.php/roger-reeves/romanticism-the-blue-keats/,-0.2307,0.1164,0.476,0.1277,0.2325,0.5731
Frail Bridges,Roger Reeves,"Dec 28, 2015",http://poetry.lib.uidaho.edu/index.php/roger-reeves/frail-bridges/,-0.3175,0.1361,0.6075,0.2163,0.1851,0.5146
Epithalamium,Roger Reeves,"Apr 20, 2016",http://poetry.lib.uidaho.edu/index.php/roger-reeves/epithalamium/,-0.1047,0.3032,0.4542,0.0488,0.2531,0.0138
Against Its Own Ringing,Roger Reeves,"Dec 8, 2015",http://poetry.lib.uidaho.edu/index.php/roger-reeves/against-its-own-ringing/,-0.4418,0.1173,0.4087,0.66,0.1256,0.5287
After Love,Roger Reeves,"Dec 25, 2015",http://poetry.lib.uidaho.edu/index.php/roger-reeves/after-love/,-0.302,0.1217,0.1162,0.4994,0.1543,0.5402
Albert Einstein,Matthew Zapruder,"Apr 2, 2016",http://poetry.lib.uidaho.edu/index.php/poems/albert-einstein/,-0.1164,0.0845,0.0669,0.0601,0.427,0.3811
It Is Tuesday,Matthew Zapruder,"Dec 27, 2015",http://poetry.lib.uidaho.edu/index.php/poems/it-is-tuesday/,0.0062,0.0857,0.263,0.1566,0.0289,0.5616
Poem for Happiness,Matthew Zapruder,"Feb 1, 2016",http://poetry.lib.uidaho.edu/index.php/poems/poem-for-happiness/,-0.2245,0.1726,0.0252,0.1079,0.3852,0.3146
Poem for Wine,Matthew Zapruder,"Jan 20, 2016",http://poetry.lib.uidaho.edu/index.php/poems/poem-for-wine/,-0.038,0.0784,0.0302,0.1077,0.4403,0.3062
Poem without Intimacy,Matthew Zapruder,"Mar 18, 2016",http://poetry.lib.uidaho.edu/index.php/poems/poem-without-intimacy/,-0.104,0.3206,0.2228,0.1102,0.0212,0.4264
What Can Poetry Do,Matthew Zapruder,"Apr 27, 2016",http://poetry.lib.uidaho.edu/index.php/poems/what-can-poetry-do/,-0.261,0.703,0.5489,0.5021,0.1623,0.4827
Your Eyes Are the Color of a Lightbulb Floating in the Potomac River,Matthew Zapruder,"Jan 23, 2016",http://poetry.lib.uidaho.edu/index.php/poems/your-eyes-are-the-color-of-a-lightbulb-floating-in-the-potomac-river/,-0.298,0.636,0.0751,0.0621,0.0241,0.2165
Above Love (excerpt),Michael Dickman,"Dec 23, 2015",http://poetry.lib.uidaho.edu/index.php/poems/above-love-excerpt/,0.1655,0.0819,0.0547,0.6193,0.12,0.1555
Emily Dickinson to the Rescue (excerpt),Michael Dickman,"Feb 3, 2016",http://poetry.lib.uidaho.edu/index.php/poems/emily-dickinson-to-the-rescue-excerpt/,0.0544,0.0104,0.0224,0.0203,0.2396,0.7268
False Start (excerpt),Michael Dickman,"May 3, 2016",http://poetry.lib.uidaho.edu/index.php/michael-dickman/false-start-excerpt/,-0.077,0.0625,0.2392,0.0853,0.151,0.4215
The New Green,Michael Dickman,"Apr 16, 2016",http://poetry.lib.uidaho.edu/index.php/michael-dickman/the-new-green/,-0.0572,0.116,0.013,0.0651,0.6512,0.1458
The Sea (excerpt),Michael Dickman,"Apr 25, 2016",http://poetry.lib.uidaho.edu/index.php/michael-dickman/the-sea-excerpt/,-0.2384,0.4915,0.426,0.0337,0.0273,0.1023
My Autopsy (excerpt),Michael Dickman,"Mar 1, 2016",http://poetry.lib.uidaho.edu/index.php/michael-dickman/my-autopsy-excerpt/,0.1555,0.0676,0.2516,0.475,0.0853,0.1778
My Father Full of Light,Michael Dickman,"Apr 19, 2016",http://poetry.lib.uidaho.edu/index.php/michael-dickman/my-father-full-of-light/,-0.1345,0.3382,0.0805,0.1376,0.3535,0.1068
Nervous System (excerpt),Michael Dickman,"Feb 15, 2016",http://poetry.lib.uidaho.edu/index.php/michael-dickman/nervous-system-excerpt/,0.2562,0.0808,0.1006,0.2694,0.1418,0.502
Wang Wei (excerpt),Michael Dickman,"Mar 6, 2016",http://poetry.lib.uidaho.edu/index.php/michael-dickman/wang-wei-excerpt/,-0.1419,0.0376,0.0558,0.7868,0.0039,0.2221
We Did Not Make Ourselves (excerpt),Michael Dickman,"Feb 12, 2016",http://poetry.lib.uidaho.edu/index.php/michael-dickman/we-did-not-make-ourselves-excerpt/,-0.263,0.0625,0.0296,0.0429,0.2785,0.6058
Apotheosis of Kiss,Natalie Diaz,"May 5, 2016",http://poetry.lib.uidaho.edu/index.php/natalie-diaz/apotheosis-of-kiss/,-0.2819,0.0851,0.1857,0.1571,0.5113,0.4799
Cloud Watching,Natalie Diaz,"Feb 7, 2016",http://poetry.lib.uidaho.edu/index.php/natalie-diaz/cloud-watching/,-0.1273,0.3886,0.1492,0.4542,0.1832,0.5132
"I Lean Out the Window and She Nods Off in Bed, the Needle Gently Rocking on the Bedside Table",Natalie Diaz,"Nov 30, 2015",http://poetry.lib.uidaho.edu/index.php/natalie-diaz/i-lean-out-the-window-and-she-nods-off-in-bed-the-needle-gently-rocking-on-the-bedside-table/,-0.1519,0.1136,0.2082,0.3882,0.2667,0.5228
I Watch Her Eat the Apple,Natalie Diaz,"Dec 21, 2015",http://poetry.lib.uidaho.edu/index.php/natalie-diaz/i-watch-her-eat-the-apple/,-0.1938,0.4666,0.4907,0.0986,0.213,0.5146
Monday Aubade,Natalie Diaz,"Mar 11, 2016",http://poetry.lib.uidaho.edu/index.php/natalie-diaz/monday-aubade/,-0.0802,0.128,0.0783,0.3205,0.0378,0.4942
Prayers or Oubliettes,Natalie Diaz,"Jan 5, 2016",http://poetry.lib.uidaho.edu/index.php/natalie-diaz/prayers-or-oubliettes/,-0.4608,0.0855,0.4187,0.4443,0.1936,0.5184
The Beauty of a Busted Fruit,Natalie Diaz,"Mar 2, 2016",http://poetry.lib.uidaho.edu/index.php/natalie-diaz/the-beauty-of-a-busted-fruit/,-0.2297,0.0339,0.1746,0.5107,0.0019,0.3608
Toward the Amaranth Gates of War or Love,Natalie Diaz,"Mar 30, 2016",http://poetry.lib.uidaho.edu/index.php/natalie-diaz/toward-the-amaranth-gates-of-war-or-love/,-0.4474,0.1313,0.2012,0.4088,0.1984,0.4912
The Red Blues,Natalie Diaz,"Jan 29, 2016",http://poetry.lib.uidaho.edu/index.php/natalie-diaz/the-red-blues/,-0.358,0.1843,0.5609,0.2028,0.0987,0.4221
The Angels of Film,A. Poulin Jr.,"May 2, 2017",http://poetry.lib.uidaho.edu/?p=1053,0.1006,0.1057,0.1317,0.188,0.2743,0.5241
Fine,Kim Addonizio,"Oct 5, 2016",http://poetry.lib.uidaho.edu/index.php/kim-addonizio/fine/,-0.1366,0.0727,0.5782,0.5062,0.5352,0.466
A Childhood,Kim Addonizio,"Apr 11, 2017",http://poetry.lib.uidaho.edu/?p=1063,-0.2869,0.5313,0.1033,0.1491,0.5182,0.2541
What Do Women Want?,Kim Addonizio,"Sep 21, 2016",http://poetry.lib.uidaho.edu/index.php/kim-addonizio/what-do-women-want/,-0.1812,0.0991,0.4363,0.5806,0.1455,0.5601
Things to Do In the Belly of the Whale,Dan Albergotti,"Sep 29, 2016",http://poetry.lib.uidaho.edu/index.php/dan-albergotti/things-to-do-in-the-belly-of-the-whale/,-0.0085,0.4325,0.4633,0.1266,0.5397,0.4711
Vestibule,Dan Albergotti,"Nov 29, 2016",http://poetry.lib.uidaho.edu/index.php/deborah-brown/vestibule/,0.129,0.1125,0.1011,0.1905,0.4467,0.5068
The Chiming of the Hour,Dan Albergotti,"Jan 17, 2017",http://poetry.lib.uidaho.edu/index.php/dan-albergotti/the-chiming-of-the-hour/,-0.1645,0.1003,0.1728,0.474,0.2263,0.5013
For My Daughter on her Twenty-First Birthday,Ellen Bass,"Dec 14, 2016",http://poetry.lib.uidaho.edu/index.php/ellen-bass/for-my-daughter-on-her-twenty-first-birthday/,0.0482,0.1237,0.0876,0.6232,0.5089,0.2643
God and the G-Spot,Ellen Bass,"Jan 5, 2017",http://poetry.lib.uidaho.edu/index.php/ellen-bass/god-and-the-g-spot/,-0.1857,0.1502,0.415,0.3965,0.2709,0.5477
Worry,Ellen Bass,"Jan 30, 2017",http://poetry.lib.uidaho.edu/index.php/ellen-bass/worry/,-0.4168,0.0874,0.168,0.4592,0.1758,0.5058
Self-Portrait in Ink,Bruce Beasley,"Feb 21, 2017",http://poetry.lib.uidaho.edu/index.php/bruce-beasley/self-portrait-in-ink/,-0.4146,0.2817,0.2566,0.3518,0.0652,0.2128
The Scale by Which the Mapped Concerns the Map,Bruce Beasley,"Jan 19, 2017",http://poetry.lib.uidaho.edu/index.php/bruce-beasley/the-scale-by-which-the-mapped-concerns-the-map/,-0.1858,0.1091,0.397,0.1534,0.4952,0.5224
Broken Dolls Day,Jeanne Marie Beaumont,"Nov 16, 2016",http://poetry.lib.uidaho.edu/index.php/jeanne-marie-beaumont/broken-dolls-day/,-0.6036,0.1644,0.1026,0.1895,0.4279,0.5929
Getting to Know You,Jeanne Marie Beaumont,"Apr 18, 2017",http://poetry.lib.uidaho.edu/?p=1129,-0.1122,0.1353,0.114,0.4299,0.4651,0.2621
If You Wish to Be Removed from This List,Jeanne Marie Beaumont,"Oct 17, 2016",http://poetry.lib.uidaho.edu/index.php/jeanne-marie-beaumont/if-you-wish-to-be-removed-from-this-list/,-0.1298,0.1283,0.1722,0.5503,0.2571,0.516
Data,Devin Becker,"Oct 4, 2016",http://poetry.lib.uidaho.edu/index.php/devin-becker/data/,0.0601,0.1295,0.3907,0.509,0.2724,0.5023
Self-Portrait,Devin Becker,"Nov 8, 2016",http://poetry.lib.uidaho.edu/index.php/devin-becker/self-portrait/,-0.0775,0.4705,0.1389,0.0695,0.0092,0.4436
Parking Lot,Devin Becker,"May 12, 2017",http://poetry.lib.uidaho.edu/?p=1147,-0.0002,0.1326,0.41,0.143,0.2398,0.6575
At the Musée  Rodin in Paris,Laure-Anne Bosselaar,"Feb 16, 2017",http://poetry.lib.uidaho.edu/index.php/laure-anne-bosselaar/at-the-musee-rodin-in-paris/,-0.1654,0.1055,0.1969,0.1011,0.3413,0.4457
English Flavors,Laure-Anne Bosselaar,"Nov 7, 2016",http://poetry.lib.uidaho.edu/index.php/laure-anne-bosselaar/english-flavors/,0.02,0.0812,0.2467,0.0311,0.563,0.1284
Fallen,Laure-Anne Bosselaar,"Oct 11, 2016",http://poetry.lib.uidaho.edu/index.php/laure-anne-bosselaar/fallen/,-0.186,0.1215,0.1279,0.4499,0.4306,0.4941
Fanny Linguistics: How to Say What You Mean,Nickole Brown,"Feb 7, 2017",http://poetry.lib.uidaho.edu/index.php/nickole-brown/fanny-linguistics-how-to-say-what-you-mean/,-0.3663,0.5889,0.4674,0.1212,0.1204,0.5198
Fanny Linguistics: Superstition,Nickole Brown,"Oct 13, 2016",http://poetry.lib.uidaho.edu/index.php/nickole-brown/fanny-linguistics-superstition/,-0.1965,0.0839,0.1518,0.2722,0.0003,0.639
"For My Grandmother's Feet, Swollen Again",Nickole Brown,"Jan 27, 2017",http://poetry.lib.uidaho.edu/index.php/nickole-brown/for-my-grandmothers-feet-swollen-again/,0.1095,0.1126,0.109,0.1511,0.3234,0.5521
Dancing at Your Wedding,Fleda Brown,"Oct 6, 2016",http://poetry.lib.uidaho.edu/index.php/fleda-brown/dancing-at-your-wedding/,0.2324,0.0911,0.0947,0.0026,0.6792,0.1618
The Puffball,Fleda Brown,"Feb 22, 2017",http://poetry.lib.uidaho.edu/index.php/fleda-brown/the-puffball/,0.1843,0.2729,0.2547,0.3378,0.046,0.1165
Venus de Milo,Fleda Brown,"Feb 9, 2017",http://poetry.lib.uidaho.edu/index.php/fleda-brown/venus-de-milo/,-0.1107,0.157,0.1345,0.4236,0.24,0.5088
String Theories,Deborah Brown,"Apr 10, 2017",http://poetry.lib.uidaho.edu/?p=1228,0.2662,0.1073,0.0755,0.4019,0.2813,0.5994
A Family Story,Deborah Brown,"May 17, 2017",http://poetry.lib.uidaho.edu/?p=1230,-0.1433,0.2189,0.2331,0.4791,0.0034,0.2576
Small Sorrows,Deborah Brown,"Jan 23, 2017",http://poetry.lib.uidaho.edu/index.php/deborah-brown/small-sorrows/,-0.1821,0.1325,0.4197,0.5221,0.1099,0.5273
We Were Similar in That Way,Rick Bursky,"Dec 1, 2016",http://poetry.lib.uidaho.edu/index.php/rick-bursky/we-were-similar-in-that-way/,-0.2921,0.1243,0.1287,0.1923,0.4389,0.5294
All the Boredoms in the World,Rick Bursky,"Mar 17, 2017",http://poetry.lib.uidaho.edu/?p=1236,-0.0827,0.1208,0.5798,0.0857,0.4492,0.4315
My Uncanny Resemblance to a Young Sean Connery,Rick Bursky,"Dec 7, 2016",http://poetry.lib.uidaho.edu/index.php/rick-bursky/my-uncanny-resemblance-to-a-young-sean-connery/,-0.2611,0.438,0.4283,0.423,0.4168,0.5281
birth-day,Lucille Clifton,"Jan 10, 2017",http://poetry.lib.uidaho.edu/index.php/lucille-clifton/birth-day/,0.1846,0.0308,0.0094,0.0454,0.9119,0.0242
An American Story,Lucille Clifton,"May 15, 2017",http://poetry.lib.uidaho.edu/?p=1242,0.0613,0.1803,0.1051,0.1017,0.2337,0.4444
blessing the boats,Lucille Clifton,"May 11, 2017",http://poetry.lib.uidaho.edu/?p=1244,-0.0265,0.022,0.0372,0.815,0.0905,0.0617
good times,Lucille Clifton,"Mar 3, 2017",http://poetry.lib.uidaho.edu/index.php/lucille-clifton/good-times/,0.2565,0.1408,0.0408,0.0061,0.7736,0.0645
homage to my hips,Lucille Clifton,"Apr 4, 2017",http://poetry.lib.uidaho.edu/?p=1249,-0.1039,0.1927,0.1201,0.1618,0.2527,0.5143
miss rosie,Lucille Clifton,"Dec 8, 2016",http://poetry.lib.uidaho.edu/index.php/lucille-clifton/miss-rosie/,0.0274,0.0521,0.5452,0.1065,0.0476,0.3252
mother tongue: babylon,Lucille Clifton,"May 20, 2017",http://poetry.lib.uidaho.edu/?p=1253,-0.1196,0.0817,0.0431,0.1072,0.0378,0.7767
my dream about being white,Lucille Clifton,"Oct 20, 2016",http://poetry.lib.uidaho.edu/index.php/lucille-clifton/my-dream-about-being-white/,-0.0967,0.0997,0.0429,0.0099,0.2978,0.5902
what the mirror said,Lucille Clifton,"Mar 30, 2017",http://poetry.lib.uidaho.edu/?p=1257,0.0285,0.0787,0.2247,0.0867,0.2423,0.5322
wishes for sons,Lucille Clifton,"Apr 12, 2017",http://poetry.lib.uidaho.edu/?p=1259,-0.4944,0.118,0.1067,0.1049,0.1923,0.5294
Weave,Wyn Cooper,"Dec 21, 2016",http://poetry.lib.uidaho.edu/index.php/wyn-cooper/weave/,-0.2142,0.2021,0.3823,0.1454,0.0025,0.4385
European,Wyn Cooper,"Feb 23, 2017",http://poetry.lib.uidaho.edu/index.php/wyn-cooper/european/,-0.1252,0.1842,0.1164,0.1471,0.1785,0.5729
The Half King,Wyn Cooper,"Apr 17, 2017",http://poetry.lib.uidaho.edu/?p=1265,-0.1685,0.1184,0.4565,0.1097,0.0212,0.3759
The Laying on of Hands,Jim Daniels,"Oct 14, 2016",http://poetry.lib.uidaho.edu/index.php/jim-daniels/the-laying-on-of-hands/,-0.5183,0.48,0.43,0.4099,0.2079,0.531
Hit and Run,Jim Daniels,"Dec 26, 2016",http://poetry.lib.uidaho.edu/index.php/jim-daniels/hit-and-run/,-0.2688,0.1386,0.1223,0.4735,0.4941,0.4838
The Geography of Detroit,Jim Daniels,"Feb 13, 2017",http://poetry.lib.uidaho.edu/index.php/jim-daniels/the-geography-of-detroit/,-0.208,0.1061,0.1121,0.5775,0.2102,0.5108
What I Mean When I Say Truck Driver,Geffrey Davis,"Dec 23, 2016",http://poetry.lib.uidaho.edu/index.php/geffrey-davis/what-i-mean-when-i-say-truck-driver/,-0.4992,0.125,0.1224,0.4842,0.171,0.555
Farmer's Market Sweet Plums: Apology to the Flower Lady,Geffrey Davis,"Sep 28, 2016",http://poetry.lib.uidaho.edu/index.php/geffrey-davis/farmers-market-sweet-plums-apology-to-the-flower-lady/,-0.2025,0.1681,0.239,0.146,0.1887,0.3133
The Epistemology of Gentleness,Geffrey Davis,"Nov 9, 2016",http://poetry.lib.uidaho.edu/index.php/geffrey-davis/the-epistemology-of-gentleness/,-0.0609,0.1555,0.118,0.4263,0.2372,0.6446
Antidote for Night,Marsha de la O,"Sep 16, 2016",http://poetry.lib.uidaho.edu/index.php/marsha-de-la-o/antidote-for-night/,-0.0679,0.1166,0.3779,0.4557,0.503,0.4738
Under the Lemon Tree,Marsha de la O,"Mar 13, 2017",http://poetry.lib.uidaho.edu/index.php/marsha-de-la-o/under-the-lemon-tree/,-0.1252,0.1286,0.151,0.4145,0.1826,0.5122
Possum,Marsha de la O,"Feb 20, 2017",http://poetry.lib.uidaho.edu/index.php/marsha-de-la-o/possum/,-0.3918,0.158,0.2016,0.6028,0.1344,0.5218
Weather Report,Debra Kang Dean,"Mar 2, 2017",http://poetry.lib.uidaho.edu/index.php/debra-kang-dean/weather-report/,-0.2301,0.1306,0.1548,0.4352,0.1673,0.5375
Hail,Debra Kang Dean,"May 19, 2017",http://poetry.lib.uidaho.edu/?p=1291,-0.1535,0.1308,0.4721,0.154,0.4428,0.5879
i. reflected light,Debra Kang Dean,"Feb 6, 2017",http://poetry.lib.uidaho.edu/index.php/debra-kang-dean/i-reflected-light/,-0.0175,0.1275,0.0758,0.6305,0.4375,0.4551
Dear Tiara,Sean Thomas Dougherty,"May 4, 2017",http://poetry.lib.uidaho.edu/?p=1296,-0.4716,0.0558,0.0791,0.4642,0.3211,0.4759
Dear Pistachio,Sean Thomas Dougherty,"Oct 18, 2016",http://poetry.lib.uidaho.edu/index.php/sean-thomas-dougherty/dear-pistachio/,0.0064,0.1148,0.0685,0.0732,0.2279,0.5427
The Day Biggie Smalls Died,Sean Thomas Dougherty,"Mar 7, 2017",http://poetry.lib.uidaho.edu/index.php/sean-thomas-dougherty/the-day-biggie-smalls-died/,-0.1142,0.1606,0.186,0.1555,0.1957,0.4911
Words for Worry,Li-Young Lee,"Sep 30, 2016",http://poetry.lib.uidaho.edu/index.php/li-young-lee/words-for-worry/,-0.1053,0.1279,0.0767,0.4788,0.2796,0.4917
Eating Together,Li-Young Lee,"Apr 7, 2017",http://poetry.lib.uidaho.edu/?p=1305,0.2081,0.0604,0.4146,0.0308,0.0186,0.5695
Persimmons,Li-Young Lee,"Jan 20, 2017",http://poetry.lib.uidaho.edu/index.php/li-young-lee/persimmons/,0.0066,0.1035,0.4292,0.1595,0.2712,0.5063
The Gift,Li-Young Lee,"Feb 8, 2017",http://poetry.lib.uidaho.edu/index.php/li-young-lee/the-gift/,-0.2376,0.1233,0.1187,0.1512,0.2062,0.5386
Oasis,Matthew Shenoda,"May 1, 2017",http://poetry.lib.uidaho.edu/?p=1311,0.0352,0.0995,0.3502,0.1068,0.3048,0.1442
Voices from the Rubble,Matthew Shenoda,"Mar 10, 2017",http://poetry.lib.uidaho.edu/index.php/matthew-shenoda/voices-from-the-rubble/,0.1373,0.1803,0.4022,0.2193,0.1911,0.0917
For Lower Nubia,Matthew Shenoda,"May 16, 2017",http://poetry.lib.uidaho.edu/?p=1315,0.1987,0.0911,0.1758,0.0421,0.3094,0.4102
Ephesians,Ryan Teitman,"Sep 20, 2016",http://poetry.lib.uidaho.edu/index.php/ryan-teitman/ephesians/,-0.3104,0.0699,0.5105,0.5818,0.2513,0.4286
Cathedrals,Ryan Teitman,"Oct 12, 2016",http://poetry.lib.uidaho.edu/index.php/ryan-teitman/cathedrals/,-0.0688,0.4697,0.1883,0.1923,0.2642,0.4466
The City That Swallowed the Sea,Ryan Teitman,"Feb 3, 2017",http://poetry.lib.uidaho.edu/index.php/ryan-teitman/the-city-that-swallowed-the-sea/,-0.0856,0.2038,0.05,0.4241,0.1226,0.1972
Curse,Meg Kearney,"Nov 14, 2016",http://poetry.lib.uidaho.edu/index.php/meg-kearney/curse/,-0.3074,0.1074,0.1214,0.5026,0.2398,0.4901
Bonsai,Meg Kearney,"Mar 16, 2017",http://poetry.lib.uidaho.edu/?p=1329,-0.1927,0.1259,0.4969,0.4406,0.2563,0.4922
Longing,Meg Kearney,"Jan 18, 2017",http://poetry.lib.uidaho.edu/index.php/meg-kearney/longing/,-0.2725,0.1012,0.5433,0.5558,0.2287,0.4618
Smoke Tree,Richard Foerster,"Nov 30, 2016",http://poetry.lib.uidaho.edu/index.php/richard-foerster/smoke-trees/,-0.2238,0.245,0.2157,0.0961,0.0252,0.5024
Minotaur,Richard Foerster,"Oct 26, 2016",http://poetry.lib.uidaho.edu/index.php/richard-foerster/minotaur/,-0.1999,0.0252,0.3408,0.4604,0.0037,0.275
Stone,Richard Foerster,"Mar 9, 2017",http://poetry.lib.uidaho.edu/index.php/richard-foerster/stone/,-0.2895,0.3337,0.072,0.1279,0.0144,0.5601
Eddie's Parrot,Michael Waters,"Apr 27, 2017",http://poetry.lib.uidaho.edu/?p=1340,-0.3334,0.1202,0.4819,0.1823,0.1996,0.4846
"Green Ash, Red Maple, Black Gum",Michael Waters,"May 5, 2017",http://poetry.lib.uidaho.edu/?p=1343,-0.2799,0.1499,0.1279,0.2016,0.045,0.5348
The Inarticulate,Michael Waters,"Oct 21, 2016",http://poetry.lib.uidaho.edu/index.php/michael-waters/the-inarticulate/,0.1519,0.3731,0.383,0.0173,0.0429,0.2989
History,Richard Garcia,"Oct 7, 2016",http://poetry.lib.uidaho.edu/index.php/richard-garcia/history/,-0.2486,0.5354,0.1831,0.488,0.092,0.4659
The Case of the Disappearing Blondes,Richard Garcia,"Sep 22, 2016",http://poetry.lib.uidaho.edu/index.php/richard-garcia/the-case-of-the-disappearing-blondes/,-0.2654,0.1701,0.4849,0.4486,0.2396,0.5372
Upraised Arms,Richard Garcia,"Mar 23, 2017",http://poetry.lib.uidaho.edu/?p=1353,-0.2431,0.0938,0.1653,0.4989,0.2689,0.266
April Inventory,W.D. Snodgrass,"Dec 27, 2016",http://poetry.lib.uidaho.edu/index.php/w-d-snodgrass/april-inventory/,0.131,0.093,0.0989,0.1335,0.5234,0.5369
Invitation,W.D. Snodgrass,"May 10, 2017",http://poetry.lib.uidaho.edu/?p=1357,-0.2106,0.1538,0.1058,0.1536,0.4392,0.6989
Lifelong,W.D. Snodgrass,"Nov 17, 2016",http://poetry.lib.uidaho.edu/index.php/w-d-snodgrass/lifelong/,0.2194,0.0147,0.0048,0.0398,0.6576,0.2572
The Cat,Russell Edson,"Dec 29, 2016",http://poetry.lib.uidaho.edu/index.php/russell-edson/the-cat/,-0.2788,0.1266,0.4747,0.1319,0.4071,0.5093
New Prose About an Old Poem,Russell Edson,"Dec 30, 2016",http://poetry.lib.uidaho.edu/index.php/russell-edson/new-prose-about-an-old-poem/,-0.0311,0.1175,0.082,0.4076,0.4626,0.3263
The Wonders of Nature,Russell Edson,"Sep 26, 2016",http://poetry.lib.uidaho.edu/index.php/russell-edson/the-wonders-of-nature/,0.1992,0.0979,0.2587,0.0932,0.4419,0.2905
I Abandoned My Plans. I Had No Plans.,Michael Teig,"Feb 27, 2017",http://poetry.lib.uidaho.edu/index.php/michael-teig/i-abandoned-my-plans-i-had-no-plans/,-0.3387,0.1615,0.5571,0.4012,0.2299,0.4866
Have I Forgotten Anything,Michael Teig,"May 9, 2017",http://poetry.lib.uidaho.edu/?p=1373,0.3653,0.0971,0.1006,0.0945,0.633,0.4714
Night Jar,Michael Teig,"Dec 15, 2016",http://poetry.lib.uidaho.edu/index.php/michael-teig/night-jar/,-0.2969,0.1023,0.1805,0.1511,0.4415,0.5266
Parable of House and Broom,Katy Lederer,"May 3, 2017",http://poetry.lib.uidaho.edu/?p=1379,0.1493,0.1211,0.0866,0.4536,0.498,0.466
Morning Song,Katy Lederer,"Feb 24, 2017",http://poetry.lib.uidaho.edu/index.php/katy-lederer/morning-song/,-0.0423,0.1127,0.2145,0.1956,0.2953,0.2683
The Genius of Time,Katy Lederer,"Oct 25, 2016",http://poetry.lib.uidaho.edu/index.php/katy-lederer/the-genius-of-time/,-0.2081,0.138,0.176,0.4497,0.545,0.2147
Consolations,Louis Simpson,"Feb 1, 2017",http://poetry.lib.uidaho.edu/index.php/louis-simpson/consolations/,0.3842,0.085,0.4454,0.1472,0.493,0.4297
A Spot on the Kitchen Floor,Louis Simpson,"Apr 13, 2017",http://poetry.lib.uidaho.edu/?p=1388,-0.2925,0.1245,0.1368,0.191,0.4495,0.2674
Wheels,Louis Simpson,"Jan 4, 2017",http://poetry.lib.uidaho.edu/index.php/louis-simpson/wheels/,-0.1582,0.3951,0.1339,0.2543,0.2718,0.4301
The throat-flute uttering,Karen Volkman,"Mar 14, 2017",http://poetry.lib.uidaho.edu/?p=1392,-0.0294,0.0882,0.2122,0.1126,0.4797,0.1802
I asked every flower,Karen Volkman,"Oct 19, 2016",http://poetry.lib.uidaho.edu/index.php/karen-volkman/i-asked-every-flower/,-0.4797,0.1058,0.1463,0.1452,0.2475,0.6025
semi semi dash,Jillian Weise,"Sep 23, 2016",http://poetry.lib.uidaho.edu/index.php/jillian-weise/semi-semi-dash/,-0.113,0.1278,0.1522,0.1734,0.2444,0.5643
café loop,Jillian Weise,"Mar 15, 2017",http://poetry.lib.uidaho.edu/?p=1398,-0.1544,0.1128,0.1481,0.1354,0.2605,0.5322
why i no longer skype,Jillian Weise,"Dec 28, 2016",http://poetry.lib.uidaho.edu/index.php/jillian-weise/why-i-no-longer-skype/,0.0639,0.1203,0.4079,0.1434,0.2564,0.541
The Saint-Girl's Sweetest Tortures,Kathryn Nuernberger,"Nov 4, 2016",http://poetry.lib.uidaho.edu/index.php/kathryn-nuernberger/the-saint-girls-sweetest-tortures/,-0.4951,0.4264,0.4548,0.1425,0.114,0.5443
"I Concede the Point, I Concede the Point, I Concede the Point",Kathryn Nuernberger,"Oct 10, 2016",http://poetry.lib.uidaho.edu/index.php/kathryn-nuernberger/i-concede-the-point-i-concede-the-point-i-concede-the-point/,-0.0368,0.1794,0.4981,0.1672,0.1785,0.579
The End of Pink,Kathryn Nuernberger,"Nov 2, 2016",http://poetry.lib.uidaho.edu/index.php/kathryn-nuernberger/the-end-of-pink/,-0.226,0.1463,0.5921,0.193,0.2461,0.2561
"Nocturne, Traffic Control Point",Hugh Martin,"Dec 5, 2016",http://poetry.lib.uidaho.edu/index.php/hugh-martin/traffic-control-point/,-0.3823,0.2415,0.2739,0.5874,0.0016,0.0608
"Home from Iraq, Barking Spider Tavern",Hugh Martin,"Dec 19, 2016",http://poetry.lib.uidaho.edu/index.php/hugh-martin/barking-spider-tavern/,-0.5069,0.4084,0.1707,0.0914,0.0002,0.5418
"The War Was Good, Thank You",Hugh Martin,"Jan 31, 2017",http://poetry.lib.uidaho.edu/index.php/hugh-martin/the-war-was-good-thank-you/,-0.2149,0.1326,0.137,0.4508,0.2953,0.5353
To an Editor Who Said I Repeat Myself and Tell Too Much,Craig Morgan Teicher,"Oct 28, 2016",http://poetry.lib.uidaho.edu/index.php/craig-morgan-teicher/to-an-editor-who-said-i-repeat-myself-and-tell-too-much/,-0.3281,0.2872,0.2446,0.0913,0.0478,0.4709
Late Poem,Craig Morgan Teicher,"Apr 6, 2017",http://poetry.lib.uidaho.edu/?p=1419,-0.3555,0.1001,0.0553,0.4584,0.2035,0.514
Lines in the Rain,Craig Morgan Teicher,"Sep 19, 2016",http://poetry.lib.uidaho.edu/index.php/craig-morgan-teicher/lines-in-the-rain/,-0.1416,0.1517,0.0823,0.4466,0.4334,0.535
Ghost Hunger,Cecilia Woloch,"Nov 25, 2016",http://poetry.lib.uidaho.edu/index.php/cecilia-woloch/ghost-hunger/,-0.1931,0.2654,0.3088,0.1025,0.0061,0.4376
Be Always Late,Cecilia Woloch,"Oct 27, 2016",http://poetry.lib.uidaho.edu/index.php/cecilia-woloch/be-always-late/,-0.3579,0.1692,0.1051,0.3996,0.3327,0.2816
Fireflies,Cecilia Woloch,"Feb 28, 2017",http://poetry.lib.uidaho.edu/index.php/cecilia-woloch/fireflies/,-0.2389,0.3283,0.3679,0.252,0.0013,0.1988
on poetry & history - after joy harjo,Aracelis Girmay,"Sep 27, 2016",http://poetry.lib.uidaho.edu/index.php/aracelis-girmay/on-poetry-history-after-joy-harjo/,-0.3987,0.1069,0.121,0.5573,0.1663,0.5646
luam cleaning house - umbertide,Aracelis Girmay,"Mar 6, 2017",http://poetry.lib.uidaho.edu/index.php/aracelis-girmay/luam-cleaning-house-umbertide/,0.1402,0.1083,0.1041,0.5935,0.5237,0.5565
Second Estrangement,Aracelis Girmay,"Apr 28, 2017",http://poetry.lib.uidaho.edu/?p=1434,-0.0837,0.1019,0.0977,0.315,0.0316,0.5505
"Ode to the Little ''r""",Aracelis Girmay,"Jan 12, 2017",http://poetry.lib.uidaho.edu/index.php/aracelis-girmay/ode-to-the-little-r/,-0.1317,0.1524,0.1024,0.0979,0.2118,0.5713
Elegy,Aracelis Girmay,"Jan 1, 2017",http://poetry.lib.uidaho.edu/index.php/aracelis-girmay/elegy-3/,0.2103,0.0925,0.1478,0.1821,0.4505,0.5124
"Dear Minnie, Dear Ms.",Aracelis Girmay,"Feb 10, 2017",http://poetry.lib.uidaho.edu/index.php/aracelis-girmay/dear-minnie-dear-ms/,0.2346,0.0767,0.1463,0.4705,0.2695,0.2587
The Widow's Yard,Isabella Gardner,"Jan 3, 2017",http://poetry.lib.uidaho.edu/index.php/isabella-gardner/the-widows-yard/,-0.2686,0.4895,0.1024,0.1178,0.4877,0.4898
Knowing,Isabella Gardner,"Mar 29, 2017",http://poetry.lib.uidaho.edu/?p=1447,-0.4492,0.0301,0.0106,0.1209,0.0078,0.9041
Summer Evening,Isabella Gardner,"Dec 20, 2016",http://poetry.lib.uidaho.edu/index.php/isabella-gardner/summer-evening/,-0.1814,0.1053,0.191,0.0942,0.333,0.3441
Id,Ira Sadoff,"Dec 2, 2016",http://poetry.lib.uidaho.edu/index.php/ira-sadoff/id/,-0.3038,0.1518,0.1213,0.1759,0.1668,0.5462
Heavens,Ira Sadoff,"Mar 28, 2017",http://poetry.lib.uidaho.edu/?p=1453,-0.2914,0.3386,0.186,0.2943,0.0056,0.3748
My First Roses,Ira Sadoff,"Nov 24, 2016",http://poetry.lib.uidaho.edu/index.php/ira-sadoff/my-first-roses/,0.0602,0.1285,0.1471,0.1528,0.2147,0.5062
Wildwood,G.C. Waldrep,"Feb 14, 2017",http://poetry.lib.uidaho.edu/index.php/g-c-waldrep/wildwood/,0.2358,0.1401,0.0775,0.2253,0.5084,0.4433
Blood Ruminant,G.C. Waldrep,"Apr 25, 2017",http://poetry.lib.uidaho.edu/?p=1463,-0.0655,0.1249,0.1262,0.5088,0.2159,0.5523
Cloud of Witness,G.C. Waldrep,"Nov 15, 2016",http://poetry.lib.uidaho.edu/index.php/g-c-waldrep/cloud-of-witness/,-0.0303,0.5385,0.1079,0.1702,0.4914,0.4942
The Job,Dorianne Laux,"Dec 16, 2016",http://poetry.lib.uidaho.edu/index.php/dorianne-laux/the-job/,-0.2481,0.2329,0.2306,0.0101,0.0039,0.6147
Last Words,Dorianne Laux,"Apr 26, 2017",http://poetry.lib.uidaho.edu/?p=1470,-0.3005,0.1434,0.4752,0.2056,0.1612,0.5021
The Shipfitter's Wife,Dorianne Laux,"Jan 6, 2017",http://poetry.lib.uidaho.edu/index.php/dorianne-laux/the-shipfitters-wife/,-0.0564,0.046,0.2021,0.1849,0.5087,0.1061
Niagra,Erika Meitner,"Oct 3, 2016",http://poetry.lib.uidaho.edu/index.php/erika-meitner/niagra/,-0.0657,0.1202,0.54,0.457,0.5075,0.2691
Big Box Encounter,Erika Meitner,"Apr 24, 2017",http://poetry.lib.uidaho.edu/?p=1489,-0.1946,0.1577,0.4105,0.4579,0.2373,0.5045
Litany for Our Radical Engagement with the Material World,Erika Meitner,"Jan 13, 2017",http://poetry.lib.uidaho.edu/index.php/erika-meitner/litany-for-our-radical-engagement-with-the-material-world/,0.1686,0.0846,0.0799,0.1665,0.5609,0.4088
War Metaphysics for a Sudanese Girl,Adrie Kusserow,"Apr 21, 2017",http://poetry.lib.uidaho.edu/?p=1514,-0.3726,0.1286,0.5365,0.499,0.022,0.5232
Borders,Adrie Kusserow,"Nov 10, 2016",http://poetry.lib.uidaho.edu/index.php/adrie-kusserow/borders/,-0.2232,0.5438,0.2171,0.1357,0.16,0.4667
"Christmas Eve, Kampala, Uganda",Adrie Kusserow,"Dec 9, 2016",http://poetry.lib.uidaho.edu/index.php/adrie-kusserow/christmas-eve-kampala-uganda/,-0.4308,0.1544,0.8285,0.0899,0.0147,0.0446
Those Finnish Folk,Barton Sutter,"Jan 9, 2017",http://poetry.lib.uidaho.edu/index.php/barton-sutter/those-finnish-folk/,-0.1028,0.0952,0.1302,0.4749,0.2742,0.5452
Fourth of July,Keetje Kuipers,"Sep 15, 2016",http://poetry.lib.uidaho.edu/index.php/keetje-kuipers/fourth-of-july/,-0.1266,0.0821,0.098,0.1223,0.0247,0.7425
My Mother at Swan Lake,Barton Sutter,"Nov 11, 2016",http://poetry.lib.uidaho.edu/index.php/barton-sutter/my-mother-at-swan-lake/,0.0336,0.103,0.0757,0.7145,0.5202,0.5941
What Does This Mean?,Barton Sutter,"Mar 22, 2017",http://poetry.lib.uidaho.edu/?p=1537,-0.4026,0.1201,0.1003,0.4837,0.4972,0.5391
Sheep Child,Brigit Pegeen Kelly,"Mar 8, 2017",http://poetry.lib.uidaho.edu/index.php/brigit-pegeen-kelly/sheep-child/,-0.2674,0.1179,0.4611,0.1528,0.4506,0.5216
Song,Brigit Pegeen Kelly,"Oct 24, 2016",http://poetry.lib.uidaho.edu/index.php/brigit-pegeen-kelly/song/,-0.2451,0.0989,0.0969,0.4575,0.503,0.5198
Max Jacob's Leather Coat and the Possibility of Grief,Ray Gonzalez,"May 14, 2017",http://poetry.lib.uidaho.edu/?p=1546,-0.5855,0.2703,0.4592,0.035,0.0057,0.3324
Axis,Ray Gonzalez,"Jan 24, 2017",http://poetry.lib.uidaho.edu/index.php/ray-gonzalez/axis/,-0.218,0.201,0.4889,0.2608,0.0234,0.1604
"The Lynching Postcard. Duluth, Minnesota",Ray Gonzalez,"Dec 12, 2016",http://poetry.lib.uidaho.edu/index.php/ray-gonzalez/the-lynching-postcard-duluth-minnesota/,-0.086,0.1489,0.1876,0.1675,0.1973,0.4702
XLIX,John Gallaher,"Nov 22, 2016",http://poetry.lib.uidaho.edu/index.php/john-gallaher/xlix/,-0.0541,0.4303,0.1235,0.396,0.2971,0.5132
I,John Gallaher,"Feb 15, 2017",http://poetry.lib.uidaho.edu/index.php/john-gallaher/i/,-0.0134,0.511,0.1093,0.1327,0.4942,0.5305
XVI,John Gallaher,"Apr 14, 2017",http://poetry.lib.uidaho.edu/?p=1564,-0.1293,0.1611,0.129,0.1712,0.1955,0.5336
The country from a distance,Jennifer Kronovet,"Nov 23, 2016",http://poetry.lib.uidaho.edu/index.php/jennifer-kronovet/the-country-from-a-distance/,0.2163,0.1171,0.2086,0.1713,0.2495,0.6188
"Her version, with interuptions",Jennifer Kronovet,"Mar 20, 2017",http://poetry.lib.uidaho.edu/?p=1569,-0.2516,0.122,0.1059,0.453,0.2422,0.5375
The easier it is to live here,Jennifer Kronovet,"Apr 20, 2017",http://poetry.lib.uidaho.edu/?p=1573,-0.6738,0.1163,0.2014,0.1519,0.0254,0.6073
Rot,Janice N. Harrington,"Nov 18, 2016",http://poetry.lib.uidaho.edu/index.php/janice-n-harrington/rot/,-0.491,0.1398,0.4095,0.5631,0.454,0.5095
Killed in Childbirth,Janice N. Harrington,"Apr 5, 2017",http://poetry.lib.uidaho.edu/?p=1577,-0.3573,0.0882,0.4153,0.4209,0.2962,0.4669
Shaking the Grass,Janice N. Harrington,"Dec 6, 2016",http://poetry.lib.uidaho.edu/index.php/janice-n-harrington/shaking-the-grass/,-0.2454,0.0895,0.4452,0.1648,0.2898,0.503
They Are World Travelers,Christopher Kennedy,"Dec 22, 2016",http://poetry.lib.uidaho.edu/index.php/christopher-kennedy/they-are-world-travelers/,-0.0648,0.1373,0.4527,0.1112,0.1564,0.5188
The Fact Remains,Christopher Kennedy,"Feb 2, 2017",http://poetry.lib.uidaho.edu/index.php/christopher-kennedy/the-fact-remains/,-0.3538,0.129,0.4279,0.4732,0.174,0.5324
The Unimaginable World,Christopher Kennedy,"Mar 21, 2017",http://poetry.lib.uidaho.edu/?p=1585,-0.1139,0.1623,0.0769,0.4612,0.1959,0.5032
Race Relations,Carolyn Kizer,"Mar 31, 2017",http://poetry.lib.uidaho.edu/?p=1587,-0.0963,0.1212,0.003,0.0935,0.285,0.5001
Dream of a Large Lady,Carolyn Kizer,"Jan 16, 2017",http://poetry.lib.uidaho.edu/index.php/carolyn-kizer/dream-of-a-large-lady/,0.1636,0.066,0.0805,0.1363,0.5911,0.4743
"In the First Stanza,",Carolyn Kizer,"Jan 2, 2017",http://poetry.lib.uidaho.edu/index.php/carolyn-kizer/in-the-first-stanza/,-0.0279,0.1315,0.0983,0.485,0.2138,0.5646
"Vandals, Horses",Alan Michael Parker,"Mar 24, 2017",http://poetry.lib.uidaho.edu/?p=1596,-0.1297,0.0374,0.06,0.5505,0.1549,0.5478
Oh What a Red Sweater,Alan Michael Parker,"Jan 26, 2017",http://poetry.lib.uidaho.edu/index.php/alan-michael-parker/oh-what-a-red-sweater/,-0.0241,0.1447,0.1374,0.1249,0.4484,0.4772
The Cat,Alan Michael Parker,"Apr 19, 2017",http://poetry.lib.uidaho.edu/?p=1600,-0.3112,0.1001,0.0987,0.7445,0.4926,0.5068
What Afterlife,Keetje Kuipers,"Mar 1, 2017",http://poetry.lib.uidaho.edu/index.php/keetje-kuipers/what-afterlife/,0.0438,0.0877,0.08,0.4308,0.3133,0.513
Finally,Keetje Kuipers,"Nov 21, 2016",http://poetry.lib.uidaho.edu/index.php/keetje-kuipers/finally/,-0.1465,0.1511,0.1254,0.2149,0.499,0.2967
"Dear John Letter, Never Sent",Keetje Kuipers,"Mar 27, 2017",http://poetry.lib.uidaho.edu/?p=1607,-0.2347,0.1773,0.1785,0.0687,0.0046,0.7161
At the Museum of Modern Art,Keetje Kuipers,"May 8, 2017",http://poetry.lib.uidaho.edu/?p=1609,-0.0682,0.1502,0.1323,0.1015,0.2253,0.6387
Birthday Poem,Keetje Kuipers,"May 13, 2017",http://poetry.lib.uidaho.edu/?p=1611,-0.308,0.094,0.0671,0.1483,0.5523,0.5031
Messenger,Naomi Shihab Nye,"May 18, 2017",http://poetry.lib.uidaho.edu/?p=1622,-0.2746,0.1943,0.1895,0.4432,0.1776,0.2726
Hidden,Naomi Shihab Nye,"May 21, 2017",http://poetry.lib.uidaho.edu/?p=1624,-0.1853,0.0813,0.2411,0.3526,0.0055,0.4364
Ducks,Naomi Shihab Nye,"Dec 13, 2016",http://poetry.lib.uidaho.edu/index.php/naomi-shihab-nye/ducks/,-0.2183,0.0801,0.1361,0.4322,0.2445,0.5301
Jerusalem,Naomi Shihab Nye,"Apr 3, 2017",http://poetry.lib.uidaho.edu/?p=1629,-0.0038,0.1647,0.1402,0.5081,0.2849,0.4497
Shoulders,Naomi Shihab Nye,"Jan 25, 2017",http://poetry.lib.uidaho.edu/index.php/naomi-shihab-nye/shoulders/,-0.2104,0.1386,0.0999,0.4108,0.1963,0.499
Where Are You Now?,Naomi Shihab Nye,"Feb 17, 2017",http://poetry.lib.uidaho.edu/index.php/naomi-shihab-nye/where-are-you-now/,-0.237,0.1126,0.2003,0.2836,0.0006,0.6007
Dusk,Naomi Shihab Nye,"Jan 11, 2017",http://poetry.lib.uidaho.edu/index.php/naomi-shihab-nye/dusk/,-0.5039,0.2644,0.0532,0.2352,0.0046,0.5468
"When One Is So Far from Home, Life Is a Mix of Fact and Fiction",Naomi Shihab Nye,"Nov 28, 2016",http://poetry.lib.uidaho.edu/index.php/naomi-shihab-nye/when-one-is-so-far-from-home-life-is-a-mix-of-fact-and-fiction/,0.1354,0.1149,0.1424,0.1862,0.2361,0.5789
Intro to Poetry,Laura Read,"Nov 1, 2016",http://poetry.lib.uidaho.edu/index.php/laura-read/intro-to-poetry/,-0.2456,0.1193,0.0884,0.2837,0.0388,0.6416
July,Laura Read,"Nov 3, 2016",http://poetry.lib.uidaho.edu/index.php/laura-read/july/,-0.2754,0.1146,0.1586,0.1636,0.1541,0.538
Vaccination,Laura Read,"Oct 31, 2016",http://poetry.lib.uidaho.edu/index.php/laura-read/vaccination/,-0.2038,0.1366,0.5139,0.1484,0.2012,0.4717
